{"cameraMode":{"drawMode":0,"name":"Shaded","section":"Shading Mode"},"sceneLighting":false,"audioPlay":false,"sceneViewState":{"m_AlwaysRefresh":false,"showFog":true,"showSkybox":false,"showFlares":true,"showImageEffects":true,"showParticleSystems":true,"showVisualEffectGraphs":true,"m_FxEnabled":true},"in2DMode":false,"pivot":{"x":5.903651237487793,"y":-18.266586303710939,"z":58.72583770751953},"rotation":{"x":0.17489972710609437,"y":-0.01476171426475048,"z":0.0026558691170066597,"w":0.9845707416534424},"size":8.925345420837403,"orthographic":false}